"id","contract_address","token_symbol","timestamp","price_usdt","price_btc"
1,NULL,"ltc","2025-03-01 00:04:37.457","127.878525405780560000","0.001516403206318374"
2,NULL,"ltc","2025-03-01 01:04:40.125","126.278670478509810000","0.001506513095356991"
3,NULL,"ltc","2025-03-01 02:04:58.357","127.650389241195030000","0.001509072049869238"
4,NULL,"ltc","2025-03-01 03:04:29.93","128.385665230260770000","0.001506622402679289"
5,NULL,"ltc","2025-03-01 04:02:19.632","128.455634087577750000","0.001506597881846017"
6,NULL,"ltc","2025-03-01 05:04:29.353","129.727516290989370000","0.001505206620714767"
7,NULL,"ltc","2025-03-01 06:09:38.472","126.826534770262570000","0.001482890907738568"
8,NULL,"ltc","2025-03-01 07:09:33.573","127.267212624629750000","0.001497901924498869"
9,NULL,"ltc","2025-03-01 08:09:51.113","126.587784044105820000","0.001491299333983581"
10,NULL,"ltc","2025-03-01 09:04:55.26","126.494258399519350000","0.001484073382808720"
11,NULL,"ltc","2025-03-01 10:04:31.238","126.531038491671000000","0.001482886885286575"
12,NULL,"ltc","2025-03-01 11:09:32.825","126.134962247422680000","0.001488596878393740"
13,NULL,"ltc","2025-03-01 12:09:18.478","125.323713486232850000","0.001482000107659950"
14,NULL,"ltc","2025-03-01 13:09:38.785","125.210080560070320000","0.001474982653441164"
15,NULL,"ltc","2025-03-01 14:07:42.928","123.839043393837910000","0.001464612419298103"
16,NULL,"ltc","2025-03-01 15:04:45.094","125.307007526230550000","0.001479693926031400"
17,NULL,"ltc","2025-03-01 16:09:37.722","125.133384724566710000","0.001477827411219502"
18,NULL,"ltc","2025-03-01 17:00:42.086","125.475050614299190000","0.001474350749267565"
19,NULL,"ltc","2025-03-01 18:04:47.103","124.538899774563670000","0.001462193316646728"
20,NULL,"ltc","2025-03-01 19:09:40.875","124.536515544616390000","0.001460746697945533"
21,NULL,"ltc","2025-03-01 20:09:24.997","124.495602309733170000","0.001458498709923393"
22,NULL,"ltc","2025-03-01 21:09:41.38","124.472603290118830000","0.001455991010842511"
23,NULL,"ltc","2025-03-01 22:04:45.675","126.004392865283550000","0.001464643898526493"
24,NULL,"ltc","2025-03-01 23:08:23.085","124.786420823220710000","0.001450983911893696"
25,NULL,"ltc","2025-03-02 00:04:53.049","124.188317121696800000","0.001444251951039918"
26,NULL,"ltc","2025-03-02 01:04:48.659","124.173380156222780000","0.001444215064314636"
27,NULL,"ltc","2025-03-02 02:04:32.602","123.314974396220950000","0.001428780282969964"
28,NULL,"ltc","2025-03-02 03:05:13.897","122.742091553586150000","0.001432381935586954"
29,NULL,"ltc","2025-03-02 04:05:00.11","122.642164184375640000","0.001428807923024041"
30,NULL,"ltc","2025-03-02 05:06:25.163","122.421205841346580000","0.001429258653748667"
31,NULL,"ltc","2025-03-02 06:04:56.266","122.373360673359910000","0.001424251043065747"
32,NULL,"ltc","2025-03-02 07:04:51.256","123.270979748583470000","0.001429137214470021"
33,NULL,"ltc","2025-03-02 08:00:40.026","122.295026861771550000","0.001418739803292327"
34,NULL,"ltc","2025-03-02 09:03:57.239","121.684090104339900000","0.001419435808137448"
35,NULL,"ltc","2025-03-02 10:05:13.21","122.157948581330730000","0.001422801035044178"
36,NULL,"ltc","2025-03-02 11:02:01.205","122.244844288167030000","0.001422153826837560"
37,NULL,"ltc","2025-03-02 12:04:57.089","122.442733463756920000","0.001422610922195666"
38,NULL,"ltc","2025-03-02 13:04:36.149","122.203851582663230000","0.001422010691992955"
39,NULL,"ltc","2025-03-02 14:03:16.605","119.237215211617370000","0.001392040220759426"
40,NULL,"ltc","2025-03-02 15:04:46.086","118.545939570335120000","0.001393387935577983"
41,NULL,"ltc","2025-03-02 16:04:58.679","121.914061341566150000","0.001394307512683854"
42,NULL,"ltc","2025-03-02 17:04:59.248","127.372233703136890000","0.001394146261158794"
43,NULL,"ltc","2025-03-02 18:01:35.074","126.940784242707250000","0.001349356038047801"
44,NULL,"ltc","2025-03-02 19:04:53.618","125.784837300089960000","0.001354129899792589"
45,NULL,"ltc","2025-03-02 20:04:43.825","126.596370575058660000","0.001353417612006993"
46,NULL,"ltc","2025-03-02 21:09:36.909","126.754817424715210000","0.001344397299376025"
47,NULL,"ltc","2025-03-02 22:06:28.979","126.331584061176640000","0.001344382655116804"
48,NULL,"ltc","2025-03-02 23:09:29.899","127.216948110596700000","0.001344321067151848"
49,NULL,"ltc","2025-03-03 00:04:52.516","127.467191471415720000","0.001351920350797693"
50,NULL,"ltc","2025-03-03 01:09:37.801","129.356503791875440000","0.001386485000385864"
51,NULL,"ltc","2025-03-03 02:06:22.27","126.781802312188000000","0.001363037297768708"
52,NULL,"ltc","2025-03-03 03:04:48.342","126.277455812485670000","0.001353631345776970"
53,NULL,"ltc","2025-03-03 04:02:58.22","124.537789506166990000","0.001343672213150729"
54,NULL,"ltc","2025-03-03 05:07:28.694","123.346796569653400000","0.001326597386094506"
55,NULL,"ltc","2025-03-03 06:04:25.663","123.082133146188700000","0.001319158163648855"
56,NULL,"ltc","2025-03-03 07:04:41.443","119.639734029376560000","0.001306370084145345"
57,NULL,"ltc","2025-03-03 08:04:37.645","118.742490402105130000","0.001285160079673407"
58,NULL,"ltc","2025-03-03 09:05:01.028","115.511226128506760000","0.001264442275230199"
59,NULL,"ltc","2025-03-03 10:08:59.878","116.106550173315970000","0.001264233219428003"
60,NULL,"ltc","2025-03-03 11:04:43.164","117.098235907873430000","0.001266101596046802"
61,NULL,"ltc","2025-03-03 12:04:48.519","116.795160282109070000","0.001259922930646319"
62,NULL,"ltc","2025-03-03 13:01:39.416","117.077483691174270000","0.001259330991595991"
63,NULL,"ltc","2025-03-03 14:04:53.759","118.659524866787170000","0.001268929846646989"
64,NULL,"ltc","2025-03-03 15:09:43.873","114.118614631203800000","0.001268808839883584"
65,NULL,"ltc","2025-03-03 16:05:26.81","113.559497344854930000","0.001261617019702030"
66,NULL,"ltc","2025-03-03 17:05:42.193","114.160408596169380000","0.001267245891404905"
67,NULL,"ltc","2025-03-03 18:08:18.634","114.512725910337620000","0.001271274187411102"
68,NULL,"ltc","2025-03-03 19:09:51.904","112.309506227458750000","0.001287323955371296"
69,NULL,"ltc","2025-03-03 20:09:50.402","108.684588031389100000","0.001266574279010463"
70,NULL,"ltc","2025-03-03 21:09:45.167","108.753068457151340000","0.001264681838173547"
71,NULL,"ltc","2025-03-03 22:04:50.095","108.525253574361400000","0.001272282711222655"
72,NULL,"ltc","2025-03-03 23:09:49.008","109.700962089894050000","0.001272864913847235"
73,NULL,"ltc","2025-03-04 00:01:44.192","109.878558588675180000","0.001276834939016688"
74,NULL,"ltc","2025-03-04 01:05:14.968","110.039827748531560000","0.001279312932040994"
75,NULL,"ltc","2025-03-04 02:09:36.329","104.315064321083820000","0.001250397371876337"
76,NULL,"ltc","2025-03-04 03:09:54.625","104.497324378300730000","0.001242726815939148"
77,NULL,"ltc","2025-03-04 04:04:35.898","104.082676655001860000","0.001239974799961582"
78,NULL,"ltc","2025-03-04 05:02:04.282","104.178714815095990000","0.001248647380767437"
79,NULL,"ltc","2025-03-04 06:09:49.051","105.738577067282100000","0.001255367456153574"
80,NULL,"ltc","2025-03-04 07:04:39.719","104.990793108125570000","0.001252367453570677"
81,NULL,"ltc","2025-03-04 08:04:42.157","101.156090305168360000","0.001216454341078614"
82,NULL,"ltc","2025-03-04 09:05:40.911","102.990432398738010000","0.001228987478423065"
83,NULL,"ltc","2025-03-04 10:00:21.647","102.464364450474360000","0.001222405739109026"
84,NULL,"ltc","2025-03-04 11:09:21.759","102.516322501557130000","0.001222172583030823"
85,NULL,"ltc","2025-03-04 12:09:23.03","102.484004999598530000","0.001222454936111707"
86,NULL,"ltc","2025-03-04 13:04:48.992","102.340456506759500000","0.001222236986383959"
87,NULL,"ltc","2025-03-04 14:01:58.003","100.187338710614040000","0.001210786077630377"
88,NULL,"ltc","2025-03-04 15:03:56.95","102.288900726345760000","0.001221974459268872"
89,NULL,"ltc","2025-03-04 16:09:55.332","99.531585994700050000","0.001203031316211257"
90,NULL,"ltc","2025-03-04 17:09:59.66","99.705121347692500000","0.001191148226966039"
91,NULL,"ltc","2025-03-04 18:09:21.486","101.631727218790320000","0.001189286237470595"
92,NULL,"ltc","2025-03-04 19:09:33.152","104.495362019386320000","0.001197145654818506"
93,NULL,"ltc","2025-03-04 20:08:50.511","103.520516103289030000","0.001176992524007275"
94,NULL,"ltc","2025-03-04 21:05:24.531","101.635675543393480000","0.001169563028055621"
95,NULL,"ltc","2025-03-04 22:09:13.224","102.703951797286180000","0.001172470241373448"
96,NULL,"ltc","2025-03-04 23:06:06.007","102.915506495541830000","0.001175192095426129"
97,NULL,"ltc","2025-03-05 00:04:51.657","103.503435110262030000","0.001185427076357391"
98,NULL,"ltc","2025-03-05 01:09:09.413","101.848378215614910000","0.001176180737915522"
99,NULL,"ltc","2025-03-05 02:04:56.441","104.133033368843360000","0.001188620345627317"
100,NULL,"ltc","2025-03-05 03:04:16.231","104.387769184577600000","0.001194756559709250"
101,NULL,"ltc","2025-03-05 04:04:29.25","102.305946180435480000","0.001178115797180000"
102,NULL,"ltc","2025-03-05 05:04:38.736","103.171413675287170000","0.001186513982050071"
103,NULL,"ltc","2025-03-05 06:03:18.99","102.990253593482700000","0.001181626947134522"
104,NULL,"ltc","2025-03-05 07:07:05.22","102.863003409850450000","0.001174545271780316"
105,NULL,"ltc","2025-03-05 08:05:13.545","102.435558226359090000","0.001168765025681555"
106,NULL,"ltc","2025-03-05 09:04:46.981","103.803822847919630000","0.001183420168063673"
107,NULL,"ltc","2025-03-05 10:04:45.804","104.645108604675510000","0.001182808080143203"
108,NULL,"ltc","2025-03-05 11:04:56.958","105.653571783039920000","0.001175409734586843"
109,NULL,"ltc","2025-03-05 12:04:46.513","104.007684525753530000","0.001158395116075088"
110,NULL,"ltc","2025-03-05 13:04:58.477","103.765161863773830000","0.001148430218979096"
111,NULL,"ltc","2025-03-05 14:07:28.531","102.782719850125230000","0.001148764858389094"
112,NULL,"ltc","2025-03-05 15:04:51.3","101.915536057807260000","0.001149198300153736"
113,NULL,"ltc","2025-03-05 16:01:55.672","101.821227660076260000","0.001151729400221192"
114,NULL,"ltc","2025-03-05 17:04:53.74","102.953304464054380000","0.001155122067014543"
115,NULL,"ltc","2025-03-05 18:04:52.832","103.324917169312410000","0.001152715178082219"
116,NULL,"ltc","2025-03-05 19:04:55.26","103.910917091063000000","0.001158194870769395"
117,NULL,"ltc","2025-03-05 20:07:56.651","104.322216413082560000","0.001158948309914353"
118,NULL,"ltc","2025-03-05 21:04:47.448","104.811668486377400000","0.001160240214987814"
119,NULL,"ltc","2025-03-05 22:04:38.856","105.037504818837920000","0.001162406528395342"
120,NULL,"ltc","2025-03-05 23:09:42.655","104.971405478418120000","0.001160856718390755"
121,NULL,"ltc","2025-03-06 00:06:40.971","104.775773272132130000","0.001155960170623825"
122,NULL,"ltc","2025-03-06 01:02:15.838","103.891133417895060000","0.001153653048033954"
123,NULL,"ltc","2025-03-06 02:04:41.099","105.461751353366010000","0.001158038149016777"
124,NULL,"ltc","2025-03-06 03:09:29.873","106.999347461220240000","0.001164964956084329"
125,NULL,"ltc","2025-03-06 04:04:05.743","107.382360066150670000","0.001170852412612971"
126,NULL,"ltc","2025-03-06 05:04:54.912","109.569521781874330000","0.001187516848598593"
127,NULL,"ltc","2025-03-06 07:04:46.921","108.710212462161310000","0.001182635029268762"
128,NULL,"ltc","2025-03-06 08:04:45.959","108.238532027060120000","0.001185075343867139"
129,NULL,"ltc","2025-03-06 09:02:25.713","109.313850988134930000","0.001197942009620461"
130,NULL,"ltc","2025-03-06 10:05:06.873","107.606302889314930000","0.001185813767602139"
131,NULL,"ltc","2025-03-06 11:04:51.709","108.347077114063010000","0.001186433689718589"
132,NULL,"ltc","2025-03-06 12:09:34.401","106.964152948270000000","0.001173452944690884"
133,NULL,"ltc","2025-03-06 13:02:14","105.941393736668360000","0.001174688650169485"
134,NULL,"ltc","2025-03-06 14:04:45.544","105.533370039273980000","0.001178035185898826"
135,NULL,"ltc","2025-03-06 15:04:59.015","105.441007574218000000","0.001173734116528837"
136,NULL,"ltc","2025-03-06 16:10:49.678","105.447216999905650000","0.001159786086991445"
137,NULL,"ltc","2025-03-06 17:00:33.512","103.524997144727370000","0.001157449819637375"
138,NULL,"ltc","2025-03-06 18:09:43.521","102.945027571158920000","0.001160293116978576"
139,NULL,"ltc","2025-03-06 19:02:30.082","102.688439219265450000","0.001160804079568648"
140,NULL,"ltc","2025-03-06 20:09:37.621","103.348365400347620000","0.001162567136588306"
141,NULL,"ltc","2025-03-06 21:00:38.331","103.124317350577340000","0.001156320831967560"
142,NULL,"ltc","2025-03-06 22:04:46.132","103.522294365361180000","0.001157081203897327"
143,NULL,"ltc","2025-03-06 23:09:36.907","103.685654441232400000","0.001147036600781501"
144,NULL,"ltc","2025-03-07 00:04:49.905","103.315391730146190000","0.001148670427232614"
145,NULL,"ltc","2025-03-07 01:04:53.945","98.164646105955870000","0.001148131104680608"
146,NULL,"ltc","2025-03-07 02:04:49.198","101.181184743075390000","0.001148594137081694"
147,NULL,"ltc","2025-03-07 03:04:27.907","100.784480391439800000","0.001154229453711840"
148,NULL,"ltc","2025-03-07 04:09:18.098","100.896665869658010000","0.001159841690461674"
149,NULL,"ltc","2025-03-07 05:04:50.123","100.925916255730810000","0.001151264846919299"
150,NULL,"ltc","2025-03-07 06:07:15.87","101.599086425377800000","0.001152898531650823"
151,NULL,"ltc","2025-03-07 07:01:45.599","102.344761421947060000","0.001159002982520821"
152,NULL,"ltc","2025-03-07 08:04:29.794","102.604855705574020000","0.001161956678462632"
153,NULL,"ltc","2025-03-07 09:04:48.606","102.780791088964500000","0.001162979212627077"
154,NULL,"ltc","2025-03-07 10:04:43.466","103.524291933652790000","0.001163770612967944"
155,NULL,"ltc","2025-03-07 11:00:21.052","104.347503670769440000","0.001168952907495819"
156,NULL,"ltc","2025-03-07 12:04:58.653","104.975094748881260000","0.001180587947470532"
157,NULL,"ltc","2025-03-07 13:04:59.817","104.466083404175720000","0.001172873287175775"
158,NULL,"ltc","2025-03-07 14:04:27.851","104.150305920275330000","0.001166473467179623"
159,NULL,"ltc","2025-03-07 15:04:58.499","104.852187010763340000","0.001159816567107938"
160,NULL,"ltc","2025-03-07 16:04:51.223","104.141567581857300000","0.001177609467461348"
161,NULL,"ltc","2025-03-07 17:04:39.756","102.805718881694020000","0.001179912468274436"
162,NULL,"ltc","2025-03-07 18:04:47.158","103.661335452825600000","0.001183350166006544"
163,NULL,"ltc","2025-03-07 19:04:47.288","105.214535133936880000","0.001188236397455762"
164,NULL,"ltc","2025-03-07 20:09:21.972","105.199261569872190000","0.001196885866651332"
165,NULL,"ltc","2025-03-07 21:04:56.969","105.502807878376440000","0.001211186106712761"
166,NULL,"ltc","2025-03-07 22:03:39.681","104.038931667496670000","0.001205350819381045"
167,NULL,"ltc","2025-03-07 23:04:54.098","104.099955010835270000","0.001199911207491352"
168,NULL,"ltc","2025-03-08 00:05:43.697","103.529635678818150000","0.001193752123911879"
169,NULL,"ltc","2025-03-08 01:04:43.353","105.306825009762360000","0.001212718491033882"
170,NULL,"ltc","2025-03-08 02:04:59.993","104.284451148240660000","0.001213323611400575"
171,NULL,"ltc","2025-03-08 03:04:51.625","105.072403436918010000","0.001219642260565756"
172,NULL,"ltc","2025-03-08 04:04:51.691","106.041265667395180000","0.001234298455316432"
173,NULL,"ltc","2025-03-08 05:04:41.313","107.973495904985510000","0.001249321546199481"
174,NULL,"ltc","2025-03-08 06:04:48.35","106.736304972267600000","0.001237435067174125"
175,NULL,"ltc","2025-03-08 07:04:30.098","105.257662060185070000","0.001217430917598707"
176,NULL,"ltc","2025-03-08 08:00:49.578","105.359275476227480000","0.001222159799999329"
177,NULL,"ltc","2025-03-08 09:04:58.004","104.838545142203020000","0.001218030244064754"
178,NULL,"ltc","2025-03-08 10:04:36.611","104.103372295993640000","0.001211925159241112"
179,NULL,"ltc","2025-03-08 11:04:47.502","104.837834250143220000","0.001217715217674072"
180,NULL,"ltc","2025-03-08 12:04:54.456","104.395017908664780000","0.001215130535152277"
181,NULL,"ltc","2025-03-08 13:04:39.097","105.261858244929830000","0.001221357073261243"
182,NULL,"ltc","2025-03-08 14:09:30.728","104.307409411902110000","0.001207879922490581"
183,NULL,"ltc","2025-03-08 15:04:38.998","104.198292961787660000","0.001207089902346458"
184,NULL,"ltc","2025-03-08 16:09:44.972","103.950421371391400000","0.001203084820563515"
185,NULL,"ltc","2025-03-08 17:03:11.258","103.621674711355110000","0.001203449689710156"
186,NULL,"ltc","2025-03-08 18:05:28.59","103.724023609995880000","0.001207383877185841"
187,NULL,"ltc","2025-03-08 19:05:17.726","104.015377266844720000","0.001209247519385034"
188,NULL,"ltc","2025-03-08 20:09:48.771","104.315894707009560000","0.001209082772815294"
189,NULL,"ltc","2025-03-08 21:09:47.651","104.044252528758860000","0.001206329250268473"
190,NULL,"ltc","2025-03-08 22:04:57.238","103.672478295932020000","0.001202601148768713"
191,NULL,"ltc","2025-03-08 23:09:57.947","102.970103804403210000","0.001193712810985020"
192,NULL,"ltc","2025-03-09 00:07:28.686","102.123095523221660000","0.001185215329940024"
193,NULL,"ltc","2025-03-09 01:08:25.57","102.368966219042320000","0.001184827637218797"
194,NULL,"ltc","2025-03-09 02:00:11.581","101.639507303493160000","0.001180535340480287"
195,NULL,"ltc","2025-03-09 03:05:56.395","101.169202035172830000","0.001176446897664681"
196,NULL,"ltc","2025-03-09 04:04:52.782","101.424667897897820000","0.001177953188562975"
197,NULL,"ltc","2025-03-09 05:04:57.556","101.210047852070280000","0.001176354385590750"
198,NULL,"ltc","2025-03-09 06:09:41.336","100.620991779222920000","0.001170971801121442"
199,NULL,"ltc","2025-03-09 07:04:52.09","100.164955473425990000","0.001166518992866495"
200,NULL,"ltc","2025-03-09 08:04:53.173","101.468548886805020000","0.001180248954588382"
201,NULL,"ltc","2025-03-09 09:09:44.236","100.341995762314820000","0.001170580677177776"
202,NULL,"ltc","2025-03-09 10:09:14","100.699794204963010000","0.001178027319028215"
203,NULL,"ltc","2025-03-09 11:09:51.108","98.893017700603040000","0.001163553376211130"
204,NULL,"ltc","2025-03-09 12:05:57.606","99.629096942117840000","0.001171893291702745"
205,NULL,"ltc","2025-03-09 13:09:43.62","98.765240591814150000","0.001166447564046505"
206,NULL,"ltc","2025-03-09 14:08:37.55","97.872961051133700000","0.001173736038361348"
207,NULL,"ltc","2025-03-09 15:04:59.71","99.261130711149620000","0.001187622779348653"
208,NULL,"ltc","2025-03-09 16:14:51.069","100.245395977430690000","0.001210018419160647"
209,NULL,"ltc","2025-03-09 17:03:37.942","96.947617943271070000","0.001174780631100237"
210,NULL,"ltc","2025-03-09 18:09:46.108","96.315679209872970000","0.001166367821285949"
211,NULL,"ltc","2025-03-09 19:04:43.516","95.976037620279580000","0.001160252969106384"
212,NULL,"ltc","2025-03-09 20:04:43.363","97.021442931708200000","0.001173750657288353"
213,NULL,"ltc","2025-03-09 21:04:55.511","96.883083392014640000","0.001166425194532817"
214,NULL,"ltc","2025-03-09 22:05:30.931","95.394973544924370000","0.001164899741848899"
215,NULL,"ltc","2025-03-09 23:09:12.696","94.020664001712390000","0.001171765806940718"
216,NULL,"ltc","2025-03-10 00:04:58.559","94.452621779757600000","0.001171218417628843"
217,NULL,"ltc","2025-03-10 01:00:22.613","95.879905831490400000","0.001178907361930488"
218,NULL,"ltc","2025-03-10 02:04:49.641","94.907415169127690000","0.001160883765135233"
219,NULL,"ltc","2025-03-10 03:05:20.883","95.006136109363670000","0.001156351151023503"
220,NULL,"ltc","2025-03-10 04:09:46.112","95.869699545022430000","0.001165708270573369"
221,NULL,"ltc","2025-03-10 05:08:11.941","96.737351862152450000","0.001170945743736650"
222,NULL,"ltc","2025-03-10 06:05:11.826","96.622713906460900000","0.001173851657738169"
223,NULL,"ltc","2025-03-10 07:04:35.539","96.435835411000170000","0.001171158682038249"
224,NULL,"ltc","2025-03-10 08:04:39.607","96.302183576743500000","0.001169904497354932"
225,NULL,"ltc","2025-03-10 09:04:53.374","94.881347031231020000","0.001165869172788773"
226,NULL,"ltc","2025-03-10 10:09:08.912","96.806237424864490000","0.001172453467004681"
227,NULL,"ltc","2025-03-10 11:04:56.754","97.109708085759200000","0.001178758415166375"
228,NULL,"ltc","2025-03-10 12:03:32.06","98.299798132683050000","0.001175838415268347"
229,NULL,"ltc","2025-03-10 13:09:38.808","97.662702520979180000","0.001174797063157875"
230,NULL,"ltc","2025-03-10 14:06:56.623","93.801480276660980000","0.001163909731164402"
231,NULL,"ltc","2025-03-10 15:04:38.818","91.862298898364190000","0.001156288965095295"
232,NULL,"ltc","2025-03-10 16:09:30.595","92.555180792498080000","0.001157354703837459"
233,NULL,"ltc","2025-03-10 17:05:26.789","91.302224831275820000","0.001153037468269195"
234,NULL,"ltc","2025-03-10 18:09:32.208","88.824798110792780000","0.001130756493916532"
235,NULL,"ltc","2025-03-10 19:00:43.197","86.927166358521330000","0.001120937624830223"
236,NULL,"ltc","2025-03-10 20:09:41.94","89.067251682601280000","0.001128359199115482"
237,NULL,"ltc","2025-03-10 21:09:34.024","87.735312336130220000","0.001109394576923077"
238,NULL,"ltc","2025-03-10 22:04:44.152","88.510838385979080000","0.001113270710645762"
239,NULL,"ltc","2025-03-10 23:04:47.742","87.728120403725070000","0.001103625724688132"
240,NULL,"ltc","2025-03-11 00:04:53.209","87.428548338453350000","0.001113118878796149"
241,NULL,"ltc","2025-03-11 01:02:02.406","84.946120642851600000","0.001098880824363983"
242,NULL,"ltc","2025-03-11 02:04:46.365","87.143198309800110000","0.001102505145939919"
243,NULL,"ltc","2025-03-11 03:09:43.534","88.112931660121730000","0.001110439810486148"
244,NULL,"ltc","2025-03-11 04:07:38.454","87.411930372300120000","0.001097610424934952"
245,NULL,"ltc","2025-03-11 05:04:55.771","87.727694347428880000","0.001099914072320677"
246,NULL,"ltc","2025-03-11 06:04:59.659","88.669359550329630000","0.001104851986425785"
247,NULL,"ltc","2025-03-11 07:09:41.389","87.980670915317600000","0.001096028136794997"
248,NULL,"ltc","2025-03-11 08:04:52.918","88.035135018753020000","0.001094613055345597"
249,NULL,"ltc","2025-03-11 09:04:21.745","88.692404937634040000","0.001093380644026819"
250,NULL,"ltc","2025-03-11 10:09:29.652","88.765568102368260000","0.001090453194507844"
251,NULL,"ltc","2025-03-11 11:09:32.785","88.967412468957830000","0.001088308941148532"
252,NULL,"ltc","2025-03-11 12:04:42.22","89.066530816938800000","0.001090188934052678"
253,NULL,"ltc","2025-03-11 13:03:04.887","87.642931017111640000","0.001080352918682291"
254,NULL,"ltc","2025-03-11 14:04:47.297","88.402094809433460000","0.001092444890288833"
255,NULL,"ltc","2025-03-11 15:09:43.213","87.616814666467990000","0.001091414874220816"
256,NULL,"ltc","2025-03-11 16:09:41.669","90.426173355166600000","0.001111310702335576"
257,NULL,"ltc","2025-03-11 17:09:59.834","90.896403295936150000","0.001119087700417571"
258,NULL,"ltc","2025-03-11 18:04:57.229","90.475075311298400000","0.001112795898636243"
259,NULL,"ltc","2025-03-11 19:09:11.887","92.623699769249280000","0.001113309670872172"
260,NULL,"ltc","2025-03-11 20:04:43.848","91.782863308768920000","0.001103977005235060"
261,NULL,"ltc","2025-03-11 21:03:34.593","91.580177258612210000","0.001105712084095344"
262,NULL,"ltc","2025-03-11 22:09:49.112","91.629335964157660000","0.001102899089815049"
263,NULL,"ltc","2025-03-11 23:04:52.678","91.669262867415850000","0.001102618459802095"
264,NULL,"ltc","2025-03-12 00:09:45.355","90.325674796532910000","0.001090961453406272"
265,NULL,"ltc","2025-03-12 01:09:45.454","90.831783404361830000","0.001095377002639934"
266,NULL,"ltc","2025-03-12 02:09:52.585","90.799819507239920000","0.001093533738432401"
267,NULL,"ltc","2025-03-12 03:09:38.686","89.318847842156910000","0.001083633294605318"
268,NULL,"ltc","2025-03-12 04:08:12.962","88.366398516213830000","0.001079840739860378"
269,NULL,"ltc","2025-03-12 05:04:46.598","88.455634247059300000","0.001081999549824079"
270,NULL,"ltc","2025-03-12 06:04:55.318","89.573915111808430000","0.001092921917594634"
271,NULL,"ltc","2025-03-12 07:09:47.025","89.144342992139810000","0.001095366339517396"
272,NULL,"ltc","2025-03-12 08:04:52.484","90.082710998920930000","0.001093213897019609"
273,NULL,"ltc","2025-03-12 09:09:38.232","90.809038092399560000","0.001095986066299433"
274,NULL,"ltc","2025-03-12 10:04:59.096","90.068326168827840000","0.001089695353661359"
275,NULL,"ltc","2025-03-12 11:07:51.465","90.283058429277470000","0.001093316641094808"
276,NULL,"ltc","2025-03-12 12:04:58.79","90.876679820597570000","0.001095110249027922"
277,NULL,"ltc","2025-03-12 13:01:27.588","92.130774909744260000","0.001097247209400879"
278,NULL,"ltc","2025-03-12 14:04:37.479","89.989600450820220000","0.001088931919420186"
279,NULL,"ltc","2025-03-12 15:09:46.261","88.059890667297010000","0.001085310789779171"
280,NULL,"ltc","2025-03-12 16:14:08.714","90.198166137144170000","0.001099540121837810"
281,NULL,"ltc","2025-03-12 17:09:53.903","90.341259407526610000","0.001099920122467781"
282,NULL,"ltc","2025-03-12 18:04:38.297","90.064668522247810000","0.001100802035377775"
283,NULL,"ltc","2025-03-12 19:14:45.005","90.868441572358340000","0.001098692389166015"
284,NULL,"ltc","2025-03-12 20:09:43.489","91.227673900387730000","0.001101779419222555"
285,NULL,"ltc","2025-03-12 21:11:04.746","91.628885440711910000","0.001100890287032063"
286,NULL,"ltc","2025-03-12 22:06:41.241","91.528663812508140000","0.001099130866463276"
287,NULL,"ltc","2025-03-12 23:02:00.496","91.715464359133380000","0.001096286845310629"
288,NULL,"ltc","2025-03-13 00:09:37.934","91.642432608273420000","0.001094037487974751"
289,NULL,"ltc","2025-03-13 01:01:34.739","90.723412140076960000","0.001087119656799756"
290,NULL,"ltc","2025-03-13 02:04:41.137","90.936577571220820000","0.001083421170522460"
291,NULL,"ltc","2025-03-13 03:01:21.566","90.836597352708540000","0.001084372236643568"
292,NULL,"ltc","2025-03-13 04:09:49.847","90.554282019271370000","0.001083367348178721"
293,NULL,"ltc","2025-03-13 05:07:57.128","90.162264061836580000","0.001081364778718162"
294,NULL,"ltc","2025-03-13 06:04:32.243","89.408694615703740000","0.001075234812267337"
295,NULL,"ltc","2025-03-13 07:05:33.85","89.325979655968110000","0.001072253870205023"
296,NULL,"ltc","2025-03-13 08:04:36.137","89.402858388267750000","0.001074166327794115"
297,NULL,"ltc","2025-03-13 09:04:41.031","89.090118872797050000","0.001073234585577259"
298,NULL,"ltc","2025-03-13 10:04:48.702","90.319211563550010000","0.001082869406790771"
299,NULL,"ltc","2025-03-13 11:01:41.215","90.316757986262700000","0.001086063748265488"
300,NULL,"ltc","2025-03-13 12:09:45.717","90.035793840754040000","0.001086564212826645"
301,NULL,"ltc","2025-03-13 13:09:35.681","90.040724141274050000","0.001087026947272007"
302,NULL,"ltc","2025-03-13 14:04:51.995","88.276585110758450000","0.001080133058538030"
303,NULL,"ltc","2025-03-13 15:11:39.781","88.899023243117160000","0.001085593236973916"
304,NULL,"ltc","2025-03-13 16:04:16.3","88.504170686763890000","0.001092344113124928"
305,NULL,"ltc","2025-03-13 17:11:05.476","87.383238322306250000","0.001082519243880499"
306,NULL,"ltc","2025-03-13 18:13:37.855","87.082688367770520000","0.001082938829468681"
307,NULL,"ltc","2025-03-13 19:07:19.944","87.097185578146140000","0.001076070881570346"
308,NULL,"ltc","2025-03-13 20:02:24.714","86.484756727647850000","0.001078843695204896"
309,NULL,"ltc","2025-03-13 21:05:09.656","86.682276337164040000","0.001079492429335953"
310,NULL,"ltc","2025-03-13 22:09:59.226","87.131414305833600000","0.001077845730157270"
311,NULL,"ltc","2025-03-13 23:15:31.763","88.546701613570390000","0.001087910153493103"
312,NULL,"ltc","2025-03-14 00:09:43.054","87.926516352442230000","0.001086111303536172"
313,NULL,"ltc","2025-03-14 01:08:57.144","88.481014435109200000","0.001087922866721644"
314,NULL,"ltc","2025-03-14 02:04:51.644","88.796432747926700000","0.001088669263343585"
315,NULL,"ltc","2025-03-14 03:09:36.876","89.409805410148050000","0.001089793876929269"
316,NULL,"ltc","2025-03-14 04:00:34.671","88.961852810289980000","0.001087404389528346"
317,NULL,"ltc","2025-03-14 05:04:50.066","88.958098039794730000","0.001085574290052593"
318,NULL,"ltc","2025-03-14 06:03:59.02","89.078150256759680000","0.001084905771480380"
319,NULL,"ltc","2025-03-14 07:07:47.239","88.681530334662100000","0.001082053212358803"
320,NULL,"ltc","2025-03-14 08:04:58.614","89.275335223146730000","0.001086385761286162"
321,NULL,"ltc","2025-03-14 09:02:18.88","89.999317710812630000","0.001089761176538353"
322,NULL,"ltc","2025-03-14 10:11:33.707","90.116148164998960000","0.001089377759836263"
323,NULL,"ltc","2025-03-14 11:05:33.062","90.393792090503820000","0.001088610677145486"
324,NULL,"ltc","2025-03-14 12:07:10.225","90.230928279378030000","0.001085771877160099"
325,NULL,"ltc","2025-03-14 13:04:51.649","90.526028390981760000","0.001085291659313192"
326,NULL,"ltc","2025-03-14 14:04:51.446","90.733211120903730000","0.001086931368829486"
327,NULL,"ltc","2025-03-14 15:05:54.666","91.540543155328460000","0.001090045651804609"
328,NULL,"ltc","2025-03-14 16:18:52.918","91.164757499721570000","0.001077861813203696"
329,NULL,"ltc","2025-03-14 17:09:46.659","92.181803503134420000","0.001089004901118062"
330,NULL,"ltc","2025-03-14 18:04:54.846","92.104137742814630000","0.001091076577953823"
331,NULL,"ltc","2025-03-14 19:09:18.094","92.001066551747560000","0.001087359701058931"
332,NULL,"ltc","2025-03-14 20:04:45.329","91.857457462741830000","0.001086558613932356"
333,NULL,"ltc","2025-03-14 21:04:55.87","91.453338503459620000","0.001086860556428773"
334,NULL,"ltc","2025-03-14 22:05:27.155","91.203474108280620000","0.001083008518672079"
335,NULL,"ltc","2025-03-14 23:09:54.887","91.974915872526140000","0.001090362365373111"
336,NULL,"ltc","2025-03-15 00:05:00.102","91.364446077932060000","0.001088066363374099"
337,NULL,"ltc","2025-03-15 01:08:07.718","91.762761698571170000","0.001088153370718911"
338,NULL,"ltc","2025-03-15 02:04:44.467","91.323003348525900000","0.001082496164168387"
339,NULL,"ltc","2025-03-15 03:09:39.002","91.724618703452240000","0.001085189655846908"
340,NULL,"ltc","2025-03-15 04:09:43.821","92.130022658628330000","0.001090884770881472"
341,NULL,"ltc","2025-03-15 05:04:55.044","92.241272603789670000","0.001092113979965422"
342,NULL,"ltc","2025-03-15 06:03:35.359","91.655902563161100000","0.001086974827856059"
343,NULL,"ltc","2025-03-15 07:09:48.843","91.921389242788490000","0.001092563580901605"
344,NULL,"ltc","2025-03-15 08:00:33.409","91.559459994032740000","0.001090546587514472"
345,NULL,"ltc","2025-03-15 09:09:57.439","92.485358862084960000","0.001103591535421076"
346,NULL,"ltc","2025-03-15 10:09:52.432","93.120450053541420000","0.001109561186682572"
347,NULL,"ltc","2025-03-15 11:04:49.404","93.122436908786820000","0.001109682705836651"
348,NULL,"ltc","2025-03-15 12:04:43.21","93.822151316742680000","0.001115685995160153"
349,NULL,"ltc","2025-03-15 13:09:43.297","93.460846490688650000","0.001109180235115152"
350,NULL,"ltc","2025-03-15 14:06:52.439","93.505133275665320000","0.001109376839007242"
351,NULL,"ltc","2025-03-15 15:09:58.283","93.058945592205150000","0.001104078663282674"
352,NULL,"ltc","2025-03-15 16:07:11.357","92.640058677056390000","0.001099167461045178"
353,NULL,"ltc","2025-03-15 17:05:59.038","93.253027479347920000","0.001105501808052445"
354,NULL,"ltc","2025-03-15 18:09:56.164","93.479351052992850000","0.001106840349003200"
355,NULL,"ltc","2025-03-15 19:09:47.665","92.922479477343220000","0.001104135105739951"
356,NULL,"ltc","2025-03-15 20:00:41.053","92.916603003131850000","0.001102436753266862"
357,NULL,"ltc","2025-03-15 21:09:55.561","93.139689401873160000","0.001103501592452751"
358,NULL,"ltc","2025-03-15 22:09:22.892","93.372807697449700000","0.001106444650188514"
359,NULL,"ltc","2025-03-15 23:05:04.6","93.083852204283590000","0.001103091456885394"
360,NULL,"ltc","2025-03-16 00:00:23.022","92.469199705062010000","0.001095708006338219"
361,NULL,"ltc","2025-03-16 01:04:44.37","92.485106991463450000","0.001097782373619924"
362,NULL,"ltc","2025-03-16 02:01:27.523","91.950222549391820000","0.001095572872516041"
363,NULL,"ltc","2025-03-16 03:04:46.887","91.485904077516820000","0.001089731121754780"
364,NULL,"ltc","2025-03-16 04:04:58.337","92.255572916112580000","0.001094318796318005"
365,NULL,"ltc","2025-03-16 05:04:37.136","92.390802520025220000","0.001094548986855013"
366,NULL,"ltc","2025-03-16 06:04:50.918","92.500136896707670000","0.001096613236544012"
367,NULL,"ltc","2025-03-16 07:04:48.938","92.454261176389220000","0.001097288738123523"
368,NULL,"ltc","2025-03-16 08:01:07.559","92.179488314812640000","0.001093759844699780"
369,NULL,"ltc","2025-03-16 09:07:54.943","92.240701377578000000","0.001095236589207046"
370,NULL,"ltc","2025-03-16 10:04:51.629","91.327075055594040000","0.001088642070416736"
371,NULL,"ltc","2025-03-16 11:04:52.533","90.898238525596540000","0.001085276275934769"
372,NULL,"ltc","2025-03-16 12:00:13.814","88.919366167268440000","0.001078109720442623"
373,NULL,"ltc","2025-03-16 13:10:08.179","89.362236656287070000","0.001078309999428669"
374,NULL,"ltc","2025-03-16 14:09:45.323","89.004895828693560000","0.001075353758701597"
375,NULL,"ltc","2025-03-16 15:09:39.624","89.578459468740850000","0.001074696877614254"
376,NULL,"ltc","2025-03-16 16:16:03.221","90.560378292245390000","0.001070099633786760"
377,NULL,"ltc","2025-03-16 17:08:55.732","90.623328186162800000","0.001080166658473968"
378,NULL,"ltc","2025-03-16 18:09:55.599","90.495511833693500000","0.001080321976469579"
379,NULL,"ltc","2025-03-16 19:10:37.335","90.441407630662820000","0.001080855164488163"
380,NULL,"ltc","2025-03-16 20:04:58.633","89.428283931340320000","0.001076523315422715"
381,NULL,"ltc","2025-03-16 21:09:52.554","90.478450794039970000","0.001089475372917387"
382,NULL,"ltc","2025-03-16 22:05:02.598","90.685851398623480000","0.001096121750843273"
383,NULL,"ltc","2025-03-16 23:09:49.908","89.879918163533800000","0.001095007439024716"
384,NULL,"ltc","2025-03-17 00:09:48.003","90.442946217480970000","0.001094418711987710"
385,NULL,"ltc","2025-03-17 01:05:25.942","91.948107314632720000","0.001106778016562570"
386,NULL,"ltc","2025-03-17 02:04:44.508","92.631544989795150000","0.001113223192369694"
387,NULL,"ltc","2025-03-17 03:04:52.908","93.225360170654400000","0.001120045237763426"
388,NULL,"ltc","2025-03-17 04:02:52.029","93.413993788267970000","0.001116268534432611"
389,NULL,"ltc","2025-03-17 05:07:14.622","93.395125539999130000","0.001119177894576998"
390,NULL,"ltc","2025-03-17 06:04:59.08","92.661785155726920000","0.001114812594272504"
391,NULL,"ltc","2025-03-17 07:04:55.457","92.348735230008150000","0.001109778444696962"
392,NULL,"ltc","2025-03-17 08:04:54.23","92.241347210878160000","0.001104411117636488"
393,NULL,"ltc","2025-03-17 09:09:43.611","92.579668352746990000","0.001109437548846409"
394,NULL,"ltc","2025-03-17 10:04:48.131","93.510009341867030000","0.001118164666665568"
395,NULL,"ltc","2025-03-17 11:09:49.762","93.356234227561830000","0.001121175984355141"
396,NULL,"ltc","2025-03-17 12:04:57.257","93.259194949197300000","0.001115467392436419"
397,NULL,"ltc","2025-03-17 13:00:12.919","92.725001618070950000","0.001116272390152425"
398,NULL,"ltc","2025-03-17 14:04:49.298","92.612661941708170000","0.001116299100924976"
399,NULL,"ltc","2025-03-17 15:04:57.576","92.776334685617780000","0.001119169966198654"
400,NULL,"ltc","2025-03-17 16:12:33.878","93.737942415327320000","0.001118334678403813"
401,NULL,"ltc","2025-03-17 17:01:07.821","93.066793153940270000","0.001115641128823382"
402,NULL,"ltc","2025-03-17 18:04:55.809","93.608115379756730000","0.001111589859686968"
403,NULL,"ltc","2025-03-17 19:09:48.242","94.017870959811600000","0.001113156624454288"
404,NULL,"ltc","2025-03-17 20:09:34.261","93.140488270086450000","0.001105649570523011"
405,NULL,"ltc","2025-03-17 21:09:47.413","92.726101005703340000","0.001104116544855994"
406,NULL,"ltc","2025-03-17 22:09:34.559","92.955781434887020000","0.001105945659061294"
407,NULL,"ltc","2025-03-17 23:09:35.996","92.549006196471520000","0.001101988819424343"
408,NULL,"ltc","2025-03-18 00:09:50.144","92.083573978396960000","0.001097192724726316"
409,NULL,"ltc","2025-03-18 01:10:18.77","91.424767795315260000","0.001090102053581308"
410,NULL,"ltc","2025-03-18 02:14:43.174","90.457970179334150000","0.001086639029847522"
411,NULL,"ltc","2025-03-18 03:04:45.721","90.370911172404090000","0.001084094051329148"
412,NULL,"ltc","2025-03-18 04:04:43.761","89.856808320208300000","0.001081202841470597"
413,NULL,"ltc","2025-03-18 05:04:50.867","89.723385897739720000","0.001081349701539335"
414,NULL,"ltc","2025-03-18 06:05:31.243","89.973749827153200000","0.001084088490457462"
415,NULL,"ltc","2025-03-18 07:05:00.205","89.191515720765880000","0.001081921715129138"
416,NULL,"ltc","2025-03-18 08:01:16.237","89.592861628250120000","0.001077983968629469"
417,NULL,"ltc","2025-03-18 09:04:58.746","89.918331168665260000","0.001080162111093680"
418,NULL,"ltc","2025-03-18 10:08:01.18","89.669872559691910000","0.001081531847451045"
419,NULL,"ltc","2025-03-18 11:13:06.523","88.946111527822370000","0.001075337063764901"
420,NULL,"ltc","2025-03-18 12:09:52.987","88.689888993402790000","0.001073327654265667"
421,NULL,"ltc","2025-03-18 13:09:54.508","88.294656323774760000","0.001071802180551491"
422,NULL,"ltc","2025-03-18 14:06:36.044","87.358345025238590000","0.001075025652905982"
423,NULL,"ltc","2025-03-18 15:09:16.853","88.219992693207570000","0.001080711057952050"
424,NULL,"ltc","2025-03-18 16:09:51.134","88.259630407611740000","0.001080574214585317"
425,NULL,"ltc","2025-03-18 17:00:25.185","88.291937265835930000","0.001081298757580203"
426,NULL,"ltc","2025-03-18 18:04:40.538","87.992138264583360000","0.001078840967482434"
427,NULL,"ltc","2025-03-18 19:00:34.455","88.263037936972570000","0.001078719451836566"
428,NULL,"ltc","2025-03-18 20:00:26.53","88.621577511032160000","0.001078232920664400"
429,NULL,"ltc","2025-03-18 21:02:32.095","87.958369611700520000","0.001072777812376864"
430,NULL,"ltc","2025-03-18 22:07:58.027","88.525814183191240000","0.001077858591755513"
431,NULL,"ltc","2025-03-18 23:09:46.475","89.708227298454860000","0.001087860634496047"
432,NULL,"ltc","2025-03-19 00:04:59.762","90.083714523465700000","0.001088258687319184"
433,NULL,"ltc","2025-03-19 01:04:42.214","90.353357707630740000","0.001087393302155785"
434,NULL,"ltc","2025-03-19 02:00:49.931","89.525711468363010000","0.001082273170526852"
435,NULL,"ltc","2025-03-19 03:07:11.459","90.399126840367800000","0.001090128669917046"
436,NULL,"ltc","2025-03-19 04:01:44.824","90.637630017073830000","0.001091126199841859"
437,NULL,"ltc","2025-03-19 05:04:58.202","90.023543448360610000","0.001085192901647214"
438,NULL,"ltc","2025-03-19 06:07:39.222","90.159511604491260000","0.001083902738079122"
439,NULL,"ltc","2025-03-19 07:04:36.105","90.133389409310000000","0.001083565700925752"
440,NULL,"ltc","2025-03-19 08:04:57.818","89.678499609496040000","0.001078068943202232"
441,NULL,"ltc","2025-03-19 09:09:21.839","90.271464093722930000","0.001082421905664699"
442,NULL,"ltc","2025-03-19 10:04:44.872","90.468909350118300000","0.001083080416314491"
443,NULL,"ltc","2025-03-19 11:05:53.046","90.514659312390550000","0.001084166596823191"
444,NULL,"ltc","2025-03-19 12:05:48.281","91.491881340836970000","0.001090525015588642"
445,NULL,"ltc","2025-03-19 13:09:46.979","90.584827011568960000","0.001082092483966014"
446,NULL,"ltc","2025-03-19 14:04:48.151","91.733942640442780000","0.001089235208425150"
447,NULL,"ltc","2025-03-19 15:03:34.394","91.928800292236260000","0.001091600553369996"
448,NULL,"ltc","2025-03-19 16:09:41.152","91.947113568954980000","0.001086583110398671"
449,NULL,"ltc","2025-03-19 17:05:23.372","91.583189588055620000","0.001082699437521173"
450,NULL,"ltc","2025-03-19 18:04:58.065","91.140656526245510000","0.001082929004673080"
451,NULL,"ltc","2025-03-19 19:09:28.974","92.289919534145530000","0.001078026922092194"
452,NULL,"ltc","2025-03-19 20:04:46.378","92.351624451129470000","0.001080909936839836"
453,NULL,"ltc","2025-03-19 21:05:45.787","92.517905321213770000","0.001084055091292931"
454,NULL,"ltc","2025-03-19 22:04:53.224","93.339017218352840000","0.001090224687337197"
455,NULL,"ltc","2025-03-19 23:03:49.079","93.800578883691640000","0.001088534330612288"
456,NULL,"ltc","2025-03-20 00:04:50.289","94.042279686070400000","0.001083029319648937"
457,NULL,"ltc","2025-03-20 01:04:38.344","93.597237118460730000","0.001087208491018573"
458,NULL,"ltc","2025-03-20 02:04:13.593","93.300668930467150000","0.001086514795428905"
459,NULL,"ltc","2025-03-20 03:41:53.696","93.705455939211200000","0.001091048406015920"
460,NULL,"ltc","2025-03-20 04:02:31.937","93.608774946653670000","0.001089725939876691"
461,NULL,"ltc","2025-03-20 05:13:45.908","93.322544734195920000","0.001089512019404383"
462,NULL,"ltc","2025-03-20 06:14:28.085","93.089449588247990000","0.001083577377660820"
463,NULL,"ltc","2025-03-20 07:04:59.835","92.778857760696370000","0.001081598154583883"
464,NULL,"ltc","2025-03-20 08:04:57.324","92.285900783807070000","0.001074473809162457"
465,NULL,"ltc","2025-03-20 09:00:41.516","92.837968874110740000","0.001076244814090509"
466,NULL,"ltc","2025-03-20 10:01:30.361","92.494413214200930000","0.001076824737605324"
467,NULL,"ltc","2025-03-20 11:04:56.448","91.489258657901570000","0.001074168712390739"
468,NULL,"ltc","2025-03-20 12:04:41.597","91.751603687116500000","0.001073977558297969"
469,NULL,"ltc","2025-03-20 13:09:45.805","91.753518639964280000","0.001076522636786946"
470,NULL,"ltc","2025-03-20 14:04:56.798","91.753740510561830000","0.001072907934918586"
471,NULL,"ltc","2025-03-20 15:08:04.715","92.110363079004160000","0.001076352130521054"
472,NULL,"ltc","2025-03-20 16:05:33.767","91.607056249989540000","0.001081658848890359"
473,NULL,"ltc","2025-03-20 17:00:25.97","90.352532304894100000","0.001078914075859673"
474,NULL,"ltc","2025-03-20 18:04:53.965","91.134366571907790000","0.001084506415753463"
475,NULL,"ltc","2025-03-20 19:04:58.839","91.774626610971210000","0.001092406391980997"
476,NULL,"ltc","2025-03-20 20:03:33.811","92.414892041384850000","0.001098368786183619"
477,NULL,"ltc","2025-03-20 21:07:43.676","92.829272263322760000","0.001098193172315403"
478,NULL,"ltc","2025-03-20 22:04:46.359","92.899777981391470000","0.001101825466406864"
479,NULL,"ltc","2025-03-20 23:04:42.228","92.959123064532650000","0.001105425188652273"
480,NULL,"ltc","2025-03-21 00:04:51.865","93.205757010242930000","0.001107327439504392"
481,NULL,"ltc","2025-03-21 01:05:42.945","92.907142489460670000","0.001099925221639331"
482,NULL,"ltc","2025-03-21 02:04:51.938","93.092443209841830000","0.001098651489571730"
483,NULL,"ltc","2025-03-21 03:05:41.766","92.644085624881310000","0.001094656592898969"
484,NULL,"ltc","2025-03-21 04:04:42.535","92.396972491070760000","0.001094533299334590"
485,NULL,"ltc","2025-03-21 05:02:39.874","92.900253166823350000","0.001097617276683801"
486,NULL,"ltc","2025-03-21 06:04:54.251","92.952166544029340000","0.001101087800619764"
487,NULL,"ltc","2025-03-21 07:05:14.235","93.126535083400130000","0.001106431745699872"
488,NULL,"ltc","2025-03-21 08:04:47.821","92.802804073502530000","0.001106377728115966"
489,NULL,"ltc","2025-03-21 09:09:17.677","92.818163716110900000","0.001106443579863154"
490,NULL,"ltc","2025-03-21 10:09:29.895","93.357359676715450000","0.001109479358672614"
491,NULL,"ltc","2025-03-21 11:04:42","92.965282982975170000","0.001104660865121078"
492,NULL,"ltc","2025-03-21 12:09:23.317","93.244937623451660000","0.001109176335922871"
493,NULL,"ltc","2025-03-21 13:04:48.019","92.525532846677900000","0.001109530803087408"
494,NULL,"ltc","2025-03-21 14:04:16.936","93.095266660117690000","0.001108658902062097"
495,NULL,"ltc","2025-03-21 15:09:49.536","93.172870218018220000","0.001108912480657638"
496,NULL,"ltc","2025-03-21 16:09:48.104","93.076817913182210000","0.001115660633042335"
497,NULL,"ltc","2025-03-21 17:04:59.668","93.642538139988460000","0.001113944141710683"
498,NULL,"ltc","2025-03-21 18:04:57.963","92.799528633964680000","0.001105044075804268"
499,NULL,"ltc","2025-03-21 19:09:41.217","92.701920426163280000","0.001104094267446962"
500,NULL,"ltc","2025-03-21 20:07:13.948","92.488418886038940000","0.001102718033950498"
501,NULL,"ltc","2025-03-21 21:04:44.847","92.384934518277800000","0.001097538641422494"
502,NULL,"ltc","2025-03-21 22:04:49.406","92.213712512678550000","0.001093670411655860"
503,NULL,"ltc","2025-03-21 23:04:54.827","91.451186247179900000","0.001086792304665326"
504,NULL,"ltc","2025-03-22 00:04:49.604","91.037217675891940000","0.001083588669740530"
505,NULL,"ltc","2025-03-22 01:05:42.923","91.064530646226800000","0.001082004620406597"
506,NULL,"ltc","2025-03-22 02:19:44.964","90.673355253164360000","0.001077619066302433"
507,NULL,"ltc","2025-03-22 03:04:57.979","90.853573200210320000","0.001079599171015845"
508,NULL,"ltc","2025-03-22 04:04:38.72","91.112007777469400000","0.001081666346807076"
509,NULL,"ltc","2025-03-22 05:04:55.583","91.137622064275760000","0.001081141194797910"
510,NULL,"ltc","2025-03-22 06:01:07.819","91.034682839465750000","0.001080266562630618"
511,NULL,"ltc","2025-03-22 07:04:49.863","91.346798516403870000","0.001083507974379674"
512,NULL,"ltc","2025-03-22 08:04:46.418","91.082993702630400000","0.001081291619879700"
513,NULL,"ltc","2025-03-22 09:04:59.963","91.314359056238270000","0.001084492651535203"
514,NULL,"ltc","2025-03-22 10:04:56.694","91.575052528371540000","0.001085670802358907"
515,NULL,"ltc","2025-03-22 11:04:46.173","91.580918542438070000","0.001085167232775983"
516,NULL,"ltc","2025-03-22 12:04:37.363","91.443728524115060000","0.001085891137319983"
517,NULL,"ltc","2025-03-22 13:04:28.331","91.348670725941330000","0.001084837739777531"
518,NULL,"ltc","2025-03-22 14:04:59.296","91.115091026416780000","0.001082791194763373"
519,NULL,"ltc","2025-03-22 15:02:31.387","90.768729531983600000","0.001080403785924628"
520,NULL,"ltc","2025-03-22 16:04:46.468","90.951159758443610000","0.001081546614086947"
521,NULL,"ltc","2025-03-22 17:04:37.174","91.078884909524080000","0.001082649737338492"
522,NULL,"ltc","2025-03-22 18:00:00.119","91.575079632543700000","0.001087104822147478"
523,NULL,"ltc","2025-03-22 19:04:54.87","91.863007916815730000","0.001090571434571035"
524,NULL,"ltc","2025-03-22 20:04:44.945","92.043896730601260000","0.001093657828828093"
525,NULL,"ltc","2025-03-22 21:04:58.029","91.344647037641700000","0.001088204564526341"
526,NULL,"ltc","2025-03-22 22:06:24.296","91.589731602159940000","0.001090377243643793"
527,NULL,"ltc","2025-03-22 23:04:55.564","91.615683284129910000","0.001091336353439600"
528,NULL,"ltc","2025-03-23 00:04:53.729","91.348864265552620000","0.001089725810399703"
529,NULL,"ltc","2025-03-23 01:04:47.527","91.535278534529640000","0.001089952069365609"
530,NULL,"ltc","2025-03-23 02:04:46.025","91.935844771837740000","0.001093740924155822"
531,NULL,"ltc","2025-03-23 03:04:48.059","91.742067073570470000","0.001089368359433344"
532,NULL,"ltc","2025-03-23 04:04:54.969","91.800583443788160000","0.001090710179363277"
533,NULL,"ltc","2025-03-23 05:09:29.24","91.439048308545370000","0.001087040250856410"
534,NULL,"ltc","2025-03-23 06:04:53.747","91.456552425119580000","0.001086186920084933"
535,NULL,"ltc","2025-03-23 07:04:50.477","91.593646697877820000","0.001086934837191484"
536,NULL,"ltc","2025-03-23 08:04:57.459","91.681045801711960000","0.001087914618659416"
537,NULL,"ltc","2025-03-23 09:02:18.335","91.704336116393800000","0.001087411336218067"
538,NULL,"ltc","2025-03-23 10:02:43.349","92.021659593653800000","0.001091445818194147"
539,NULL,"ltc","2025-03-23 11:04:56.934","91.884982261259100000","0.001088131739722446"
540,NULL,"ltc","2025-03-23 12:04:45.812","92.183911064988170000","0.001088650793300451"
541,NULL,"ltc","2025-03-23 13:02:36.441","92.007568778771510000","0.001086161842668359"
542,NULL,"ltc","2025-03-23 14:04:46.641","92.359788937970820000","0.001085854069600655"
543,NULL,"ltc","2025-03-23 15:04:59.665","92.388696293654260000","0.001087955505474456"
544,NULL,"ltc","2025-03-23 16:11:24.289","92.694129098510470000","0.001089339428332798"
545,NULL,"ltc","2025-03-23 17:04:54.9","92.438202978374350000","0.001084140804974718"
546,NULL,"ltc","2025-03-23 18:09:41.822","91.284277199017140000","0.001074461251393439"
547,NULL,"ltc","2025-03-23 19:09:48.504","91.571087535469300000","0.001078109531843695"
548,NULL,"ltc","2025-03-23 20:07:32.465","91.451337086055260000","0.001074049552130466"
549,NULL,"ltc","2025-03-23 21:04:57.798","91.250069424164600000","0.001072153587994259"
550,NULL,"ltc","2025-03-23 22:04:56.601","91.067835788147890000","0.001068970391506871"
551,NULL,"ltc","2025-03-23 23:03:25.298","91.135603656885350000","0.001067430427873986"
552,NULL,"ltc","2025-03-24 00:07:22.229","91.365117087059960000","0.001062792555770997"
553,NULL,"ltc","2025-03-24 01:08:51.153","91.463694669004130000","0.001065013737107827"
554,NULL,"ltc","2025-03-24 02:02:10.606","90.915920781199740000","0.001062595515849833"
555,NULL,"ltc","2025-03-24 03:03:24.649","91.677165329493700000","0.001067051474943504"
556,NULL,"ltc","2025-03-24 04:04:44.559","92.271114463465070000","0.001066260980340669"
557,NULL,"ltc","2025-03-24 05:04:48.179","92.777059116942850000","0.001067811533258782"
558,NULL,"ltc","2025-03-24 06:02:55.34","92.965454008693510000","0.001069484219068361"
559,NULL,"ltc","2025-03-24 07:04:50.675","93.576228825458470000","0.001074190118625288"
560,NULL,"ltc","2025-03-24 08:01:38.56","92.848259099900350000","0.001068558697892964"
561,NULL,"ltc","2025-03-24 09:04:17.935","93.568871937601730000","0.001070327108716104"
562,NULL,"ltc","2025-03-24 10:04:50.919","93.459265947021890000","0.001072139179126273"
563,NULL,"ltc","2025-03-24 11:04:48.641","93.888247553019870000","0.001069382431888097"
564,NULL,"ltc","2025-03-24 12:04:46.368","93.664043774932520000","0.001068101852051370"
565,NULL,"ltc","2025-03-24 13:04:44.001","93.349577221075260000","0.001068806914935844"
566,NULL,"ltc","2025-03-24 14:09:42.521","93.779666658009700000","0.001065956901471047"
567,NULL,"ltc","2025-03-24 15:04:36.31","93.736283657918000000","0.001065553403804363"
568,NULL,"ltc","2025-03-24 16:04:53.806","94.118216418392440000","0.001065731330573334"
569,NULL,"ltc","2025-03-24 17:04:57.879","93.816472483377140000","0.001065398217127735"
570,NULL,"ltc","2025-03-24 18:04:44.267","94.481791498235670000","0.001068118512317546"
571,NULL,"ltc","2025-03-24 19:04:34.94","94.746334366658100000","0.001070446234065598"
572,NULL,"ltc","2025-03-24 20:04:57.004","94.635221192614880000","0.001072549879594778"
573,NULL,"ltc","2025-03-24 21:04:40.453","94.892954278413630000","0.001079798243318611"
574,NULL,"ltc","2025-03-24 22:04:53.795","95.154886058006750000","0.001078885146945497"
575,NULL,"ltc","2025-03-24 23:07:54.155","93.652004825210140000","0.001072074493226725"
576,NULL,"ltc","2025-03-25 00:04:40.124","93.756469591126620000","0.001071696019035289"
577,NULL,"ltc","2025-03-25 01:09:22.763","93.928711921256660000","0.001073680652377949"
578,NULL,"ltc","2025-03-25 02:14:45.018","93.023203755930070000","0.001069565680321622"
579,NULL,"ltc","2025-03-25 03:04:38.602","92.962060684882090000","0.001070111553433925"
580,NULL,"ltc","2025-03-25 04:04:38.429","92.169555632162780000","0.001065565666649124"
581,NULL,"ltc","2025-03-25 05:04:38.749","92.217721358219530000","0.001066000692089458"
582,NULL,"ltc","2025-03-25 06:04:45.167","92.550870177262200000","0.001067713820413097"
583,NULL,"ltc","2025-03-25 07:05:43.87","92.655173536655720000","0.001068314563450537"
584,NULL,"ltc","2025-03-25 08:03:08.235","92.327366948478070000","0.001068108783424087"
585,NULL,"ltc","2025-03-25 09:04:39.02","92.853759630158950000","0.001070775913893133"
586,NULL,"ltc","2025-03-25 10:02:30.522","93.341825840835910000","0.001069624969643190"
587,NULL,"ltc","2025-03-25 11:04:16.686","93.059329946399070000","0.001067950094802537"
588,NULL,"ltc","2025-03-25 12:04:24.713","93.194284143996900000","0.001066223669908878"
589,NULL,"ltc","2025-03-25 13:04:33.126","92.894791757977120000","0.001066914463358395"
590,NULL,"ltc","2025-03-25 14:04:50.18","93.911683935868870000","0.001073852110578768"
591,NULL,"ltc","2025-03-25 15:04:51.921","93.808001747796380000","0.001066029869361504"
592,NULL,"ltc","2025-03-25 16:04:50.897","93.465839842883820000","0.001064432607190996"
593,NULL,"ltc","2025-03-25 17:07:35.201","93.390165855975620000","0.001061117272237934"
594,NULL,"ltc","2025-03-25 18:03:45.715","93.818640669519520000","0.001066464589061150"
595,NULL,"ltc","2025-03-25 19:05:23.044","93.571040098791810000","0.001064908998063150"
596,NULL,"ltc","2025-03-25 20:04:28.556","93.695437421880680000","0.001061949559313075"
597,NULL,"ltc","2025-03-25 21:07:15.368","93.456687607594840000","0.001061545829960648"
598,NULL,"ltc","2025-03-25 22:04:36.469","93.452489162085630000","0.001064711004731090"
599,NULL,"ltc","2025-03-25 23:05:23.43","93.827717463832000000","0.001072015409445071"
600,NULL,"ltc","2025-03-26 00:04:42.825","94.466351626557080000","0.001080094238694204"
601,NULL,"ltc","2025-03-26 01:04:32.091","95.026957291524130000","0.001084083901518316"
602,NULL,"ltc","2025-03-26 02:03:21.957","95.732850407847620000","0.001089682187063822"
603,NULL,"ltc","2025-03-26 03:05:43.543","94.204856320834030000","0.001078027081963472"
604,NULL,"ltc","2025-03-26 04:04:48.308","93.576722004434030000","0.001073601186572146"
605,NULL,"ltc","2025-03-26 05:04:31.037","94.001134604325630000","0.001076405451948662"
606,NULL,"ltc","2025-03-26 06:04:42.022","94.500786956950930000","0.001079495658891142"
607,NULL,"ltc","2025-03-26 07:04:20.519","94.837692245799640000","0.001078555998756265"
608,NULL,"ltc","2025-03-26 08:04:42.389","95.703866697496620000","0.001085424403890411"
609,NULL,"ltc","2025-03-26 09:09:24.462","95.345009390023560000","0.001084352553064532"
610,NULL,"ltc","2025-03-26 10:04:41.226","95.314498250988010000","0.001083730946410014"
611,NULL,"ltc","2025-03-26 11:04:48.874","95.920376667419480000","0.001086976139177765"
612,NULL,"ltc","2025-03-26 12:04:27.635","96.182965142869320000","0.001093001969673381"
613,NULL,"ltc","2025-03-26 13:04:41.528","95.911755045095920000","0.001092377664801561"
614,NULL,"ltc","2025-03-26 14:04:54.418","94.524681742646560000","0.001083244080923449"
615,NULL,"ltc","2025-03-26 15:04:58.672","93.495626881449100000","0.001076794740096478"
616,NULL,"ltc","2025-03-26 16:04:50.143","93.022492439017030000","0.001073181230715391"
617,NULL,"ltc","2025-03-26 17:04:39.333","92.948065272158060000","0.001074612099506606"
618,NULL,"ltc","2025-03-26 18:04:33.458","92.438966295904630000","0.001067904157455019"
619,NULL,"ltc","2025-03-26 19:04:46.813","91.905807824377180000","0.001065663104700879"
620,NULL,"ltc","2025-03-26 20:04:40.978","92.181957922766290000","0.001064280114888632"
621,NULL,"ltc","2025-03-26 21:04:35.283","92.773665308208150000","0.001063859588939013"
622,NULL,"ltc","2025-03-26 22:04:55.573","92.684010872503790000","0.001063615517401373"
623,NULL,"ltc","2025-03-26 23:09:35.908","92.001204829165220000","0.001059788144265308"
624,NULL,"ltc","2025-03-27 00:04:00.152","92.333922627856700000","0.001062411137059689"
625,NULL,"ltc","2025-03-27 01:02:49.023","93.587063394915860000","0.001072572655682190"
626,NULL,"ltc","2025-03-27 02:09:42.795","93.465576669639460000","0.001068525578709423"
627,NULL,"ltc","2025-03-27 03:04:49.002","93.745509420408940000","0.001069566504855353"
628,NULL,"ltc","2025-03-27 04:04:38.012","93.727123127746980000","0.001068927924192038"
629,NULL,"ltc","2025-03-27 05:02:28.466","93.887128959445230000","0.001072734444953300"
630,NULL,"ltc","2025-03-27 06:04:48.118","93.527070926309240000","0.001070991849630473"
631,NULL,"ltc","2025-03-27 07:04:11.59","93.882566120417100000","0.001074516516689912"
632,NULL,"ltc","2025-03-27 08:04:43.417","94.308573628540980000","0.001078827088252869"
633,NULL,"ltc","2025-03-27 09:03:45.519","94.246630234903730000","0.001077669039196378"
634,NULL,"ltc","2025-03-27 10:05:56.686","94.484208388059710000","0.001079662240718794"
635,NULL,"ltc","2025-03-27 11:04:34.142","94.453897190313850000","0.001082850222533790"
636,NULL,"ltc","2025-03-27 12:05:13.021","93.750916615107880000","0.001078629385874948"
637,NULL,"ltc","2025-03-27 13:04:41.15","93.810701743424030000","0.001080147725061317"
638,NULL,"ltc","2025-03-27 14:03:49.09","92.936958875129830000","0.001078015353097024"
639,NULL,"ltc","2025-03-27 15:04:59.427","94.123156197967760000","0.001078577374494475"
640,NULL,"ltc","2025-03-27 16:04:28.457","93.317446813550200000","0.001072949157425058"
641,NULL,"ltc","2025-03-27 17:04:55.259","92.735354659892640000","0.001068132354235986"
642,NULL,"ltc","2025-03-27 18:04:59.476","92.338630711031600000","0.001062623368658105"
643,NULL,"ltc","2025-03-27 19:04:32.323","92.840744833445190000","0.001064388000236723"
644,NULL,"ltc","2025-03-27 20:05:00.047","92.561062681088860000","0.001063322160524987"
645,NULL,"ltc","2025-03-27 21:04:25.096","92.644725504833360000","0.001061243724536668"
646,NULL,"ltc","2025-03-27 22:04:55.59","93.037973467575630000","0.001062610649174070"
647,NULL,"ltc","2025-03-27 23:04:46.014","92.880527568654140000","0.001063240896981379"
648,NULL,"ltc","2025-03-28 00:04:48.642","92.794996355101960000","0.001064008024065634"
649,NULL,"ltc","2025-03-28 01:04:37.867","92.869954255932910000","0.001063379990796798"
650,NULL,"ltc","2025-03-28 02:04:44.946","93.021121498349460000","0.001066420918123931"
651,NULL,"ltc","2025-03-28 03:04:55.562","92.722240951771720000","0.001065240121266338"
652,NULL,"ltc","2025-03-28 04:04:54.919","92.375400091941400000","0.001064491945624738"
653,NULL,"ltc","2025-03-28 05:04:50.578","90.974909078892010000","0.001055133001384271"
654,NULL,"ltc","2025-03-28 06:04:46.727","89.892448890920180000","0.001044869521500609"
655,NULL,"ltc","2025-03-28 07:04:39.243","88.706782012284530000","0.001035445753244512"
656,NULL,"ltc","2025-03-28 08:05:55.052","88.527905008366690000","0.001037837962581322"
657,NULL,"ltc","2025-03-28 09:04:43.054","88.761155828034770000","0.001041798952516844"
658,NULL,"ltc","2025-03-28 10:04:58.963","88.387294841530730000","0.001038367104620520"
659,NULL,"ltc","2025-03-28 11:04:58.687","87.665068852924150000","0.001032510069384782"
660,NULL,"ltc","2025-03-28 12:05:00.008","88.105430143168720000","0.001033952814107839"
661,NULL,"ltc","2025-03-28 13:04:44.096","87.552604053260240000","0.001029400505986943"
662,NULL,"ltc","2025-03-28 14:04:52.137","87.453165654965220000","0.001028879589455555"
663,NULL,"ltc","2025-03-28 15:07:36.224","87.242304865598440000","0.001038265679181296"
664,NULL,"ltc","2025-03-28 16:09:42.001","87.354853694553370000","0.001038980617052446"
665,NULL,"ltc","2025-03-28 17:04:44.463","86.415648707415800000","0.001032023979162304"
666,NULL,"ltc","2025-03-28 18:04:53.845","86.784812205331660000","0.001034145186708355"
667,NULL,"ltc","2025-03-28 19:00:53.403","86.659202437182390000","0.001033892507558080"
668,NULL,"ltc","2025-03-28 20:04:50.242","86.386021966954960000","0.001031236200450651"
669,NULL,"ltc","2025-03-28 21:04:46.859","86.305168336230960000","0.001030398701978933"
670,NULL,"ltc","2025-03-28 22:04:47.46","86.502180286842100000","0.001029332579740640"
671,NULL,"ltc","2025-03-28 23:09:25.253","87.362899421268420000","0.001034374074712346"
672,NULL,"ltc","2025-03-29 00:04:44.536","87.416531568490240000","0.001036357391449098"
673,NULL,"ltc","2025-03-29 01:00:39.352","87.664491773623060000","0.001039397671559456"
674,NULL,"ltc","2025-03-29 02:04:06.985","87.397863830317550000","0.001037067305292737"
675,NULL,"ltc","2025-03-29 03:04:59.582","86.648062668305730000","0.001032889669302033"
676,NULL,"ltc","2025-03-29 04:04:52.715","87.312697409008310000","0.001037469157303360"
677,NULL,"ltc","2025-03-29 05:04:49.718","87.521638613433640000","0.001041451689431076"
678,NULL,"ltc","2025-03-29 06:04:53.558","86.852336265307360000","0.001034664647367103"
679,NULL,"ltc","2025-03-29 07:05:55.468","86.315290998610850000","0.001030869695379623"
680,NULL,"ltc","2025-03-29 08:05:17.086","86.089248076911200000","0.001028578091266924"
681,NULL,"ltc","2025-03-29 09:04:41.528","86.839124717628860000","0.001035167577620244"
682,NULL,"ltc","2025-03-29 10:04:35.921","86.260288183100040000","0.001032874278353453"
683,NULL,"ltc","2025-03-29 11:03:08.601","85.788027359919740000","0.001034127688934358"
684,NULL,"ltc","2025-03-29 12:04:48.982","85.629714356266150000","0.001041390325315631"
685,NULL,"ltc","2025-03-29 13:04:29.454","86.114913809271440000","0.001045437003577279"
686,NULL,"ltc","2025-03-29 14:04:37.508","86.869163904666650000","0.001049339013477293"
687,NULL,"ltc","2025-03-29 15:04:48.626","86.167347474955140000","0.001044701502046043"
688,NULL,"ltc","2025-03-29 16:04:45.045","86.159604435908380000","0.001045858488487710"
689,NULL,"ltc","2025-03-29 17:04:47.241","85.470681837500590000","0.001040264104120185"
690,NULL,"ltc","2025-03-29 18:04:41.113","85.125457905482340000","0.001034207052928967"
691,NULL,"ltc","2025-03-29 19:04:32.263","85.379286031150030000","0.001036820957920156"
692,NULL,"ltc","2025-03-29 20:07:44.08","85.398503039552660000","0.001034705503517666"
693,NULL,"ltc","2025-03-29 21:04:36.211","84.726997271755220000","0.001027103663143405"
694,NULL,"ltc","2025-03-29 22:04:46.21","84.954320036448990000","0.001029410188350762"
695,NULL,"ltc","2025-03-29 23:07:49.43","84.641445895648640000","0.001028068202377818"
696,NULL,"ltc","2025-03-30 00:04:53.439","85.416025130773590000","0.001034057579392219"
697,NULL,"ltc","2025-03-30 01:04:26.131","85.392488056386940000","0.001031635668895855"
698,NULL,"ltc","2025-03-30 02:02:32.633","85.944110401893770000","0.001036428673161465"
699,NULL,"ltc","2025-03-30 03:02:44.428","86.553312366282160000","0.001039288197485860"
700,NULL,"ltc","2025-03-30 04:04:10.636","86.216994704887740000","0.001037791238442406"
701,NULL,"ltc","2025-03-30 05:00:37.221","86.446444375974240000","0.001040298787683543"
702,NULL,"ltc","2025-03-30 06:03:26.675","86.260710084040370000","0.001039979752172659"
703,NULL,"ltc","2025-03-30 07:05:11.67","86.316234843348570000","0.001038373874756705"
704,NULL,"ltc","2025-03-30 08:04:38.531","86.097883866846080000","0.001036554224040030"
705,NULL,"ltc","2025-03-30 09:04:56.588","86.400427216348940000","0.001036596041274653"
706,NULL,"ltc","2025-03-30 10:03:40.946","86.420943815200620000","0.001035659533933763"
707,NULL,"ltc","2025-03-30 11:04:36.694","86.074284882583070000","0.001035762805213762"
708,NULL,"ltc","2025-03-30 12:04:36.093","85.903914311619960000","0.001034333294557866"
709,NULL,"ltc","2025-03-30 13:04:52.666","85.999166000791500000","0.001035775020756451"
710,NULL,"ltc","2025-03-30 14:04:37.06","85.424720965032900000","0.001032794063498039"
711,NULL,"ltc","2025-03-30 15:04:50.422","85.896044403190840000","0.001037632051643815"
712,NULL,"ltc","2025-03-30 16:06:56.16","86.430672475785440000","0.001045305492400244"
713,NULL,"ltc","2025-03-30 17:04:33.418","85.900679071444940000","0.001044182366028439"
714,NULL,"ltc","2025-03-30 18:08:22.731","86.091423934470510000","0.001043422788779860"
715,NULL,"ltc","2025-03-30 19:08:36.125","86.598868421420160000","0.001046206760371498"
716,NULL,"ltc","2025-03-30 20:04:44.33","86.378524888496500000","0.001046689305254363"
717,NULL,"ltc","2025-03-30 21:04:40.008","86.340957580126230000","0.001046430806326144"
718,NULL,"ltc","2025-03-30 22:04:43.903","85.923862516807050000","0.001045538227205262"
719,NULL,"ltc","2025-03-30 23:03:37.643","86.071614156554400000","0.001044485418084504"
